Modelo,MAE,MSE,RMSE,R²
KNN Regressor,3514.2022186455224,30618142.460554037,5533.366286498124,0.8027800796415753
Regressão Linear,4181.194473753654,33596915.85136148,5796.284659276275,0.7835929767120722
Decision Tree Regressor,3264.2293271865674,44783709.873448126,6692.063200048855,0.7115357436861172
